-- phpMyAdmin SQL Dump
-- version 3.5.2.2
-- http://www.phpmyadmin.net
--
-- Host: 127.0.0.1
-- Generation Time: Jul 17, 2020 at 06:28 PM
-- Server version: 5.5.27
-- PHP Version: 5.4.7

SET SQL_MODE="NO_AUTO_VALUE_ON_ZERO";
SET time_zone = "+00:00";


/*!40101 SET @OLD_CHARACTER_SET_CLIENT=@@CHARACTER_SET_CLIENT */;
/*!40101 SET @OLD_CHARACTER_SET_RESULTS=@@CHARACTER_SET_RESULTS */;
/*!40101 SET @OLD_COLLATION_CONNECTION=@@COLLATION_CONNECTION */;
/*!40101 SET NAMES utf8 */;

--
-- Database: `db`
--

-- --------------------------------------------------------

--
-- Table structure for table `data`
--

CREATE TABLE IF NOT EXISTS `data` (
  `id_data` int(11) NOT NULL AUTO_INCREMENT,
  `id_responden` int(11) NOT NULL,
  `id_kriteria` int(11) NOT NULL,
  `id_parameter` int(11) NOT NULL,
  PRIMARY KEY (`id_data`)
) ENGINE=InnoDB  DEFAULT CHARSET=latin1 AUTO_INCREMENT=475 ;

--
-- Dumping data for table `data`
--

INSERT INTO `data` (`id_data`, `id_responden`, `id_kriteria`, `id_parameter`) VALUES
(1, 1, 1, 1),
(2, 1, 2, 3),
(3, 1, 3, 2),
(4, 1, 4, 3),
(5, 1, 5, 3),
(6, 1, 6, 2),
(7, 2, 1, 1),
(8, 2, 2, 2),
(9, 2, 3, 2),
(10, 2, 4, 3),
(11, 2, 5, 2),
(12, 2, 6, 2),
(13, 3, 1, 1),
(14, 3, 2, 1),
(15, 3, 3, 2),
(16, 3, 4, 3),
(17, 3, 5, 2),
(18, 3, 6, 1),
(19, 4, 1, 1),
(20, 4, 2, 3),
(21, 4, 3, 2),
(22, 4, 4, 3),
(23, 4, 5, 3),
(24, 4, 6, 2),
(25, 5, 1, 1),
(26, 5, 2, 3),
(27, 5, 3, 2),
(28, 5, 4, 3),
(29, 5, 5, 3),
(30, 5, 6, 2),
(31, 6, 1, 1),
(32, 6, 2, 1),
(33, 6, 3, 3),
(34, 6, 4, 3),
(35, 6, 5, 2),
(36, 6, 6, 1),
(37, 7, 1, 1),
(38, 7, 2, 3),
(39, 7, 3, 3),
(40, 7, 4, 3),
(41, 7, 5, 3),
(42, 7, 6, 1),
(43, 8, 1, 1),
(44, 8, 2, 2),
(45, 8, 3, 2),
(46, 8, 4, 3),
(47, 8, 5, 2),
(48, 8, 6, 2),
(49, 9, 1, 1),
(50, 9, 2, 3),
(51, 9, 3, 2),
(52, 9, 4, 3),
(53, 9, 5, 3),
(54, 9, 6, 2),
(55, 10, 1, 1),
(56, 10, 2, 1),
(57, 10, 3, 2),
(58, 10, 4, 3),
(59, 10, 5, 2),
(60, 10, 6, 1),
(61, 11, 1, 1),
(62, 11, 2, 2),
(63, 11, 3, 2),
(64, 11, 4, 3),
(65, 11, 5, 3),
(66, 11, 6, 2),
(67, 12, 1, 1),
(68, 12, 2, 2),
(69, 12, 3, 3),
(70, 12, 4, 3),
(71, 12, 5, 2),
(72, 12, 6, 1),
(73, 13, 1, 1),
(74, 13, 2, 2),
(75, 13, 3, 2),
(76, 13, 4, 3),
(77, 13, 5, 2),
(78, 13, 6, 1),
(79, 14, 1, 1),
(80, 14, 2, 3),
(81, 14, 3, 2),
(82, 14, 4, 3),
(83, 14, 5, 3),
(84, 14, 6, 1),
(85, 15, 1, 1),
(86, 15, 2, 2),
(87, 15, 3, 2),
(88, 15, 4, 3),
(89, 15, 5, 2),
(90, 15, 6, 1),
(91, 16, 1, 1),
(92, 16, 2, 2),
(93, 16, 3, 1),
(94, 16, 4, 3),
(95, 16, 5, 3),
(96, 16, 6, 2),
(97, 17, 1, 1),
(98, 17, 2, 1),
(99, 17, 3, 3),
(100, 17, 4, 3),
(101, 17, 5, 2),
(102, 17, 6, 1),
(103, 18, 1, 1),
(104, 18, 2, 3),
(105, 18, 3, 2),
(106, 18, 4, 3),
(107, 18, 5, 3),
(108, 18, 6, 2),
(109, 19, 1, 1),
(110, 19, 2, 2),
(111, 19, 3, 2),
(112, 19, 4, 2),
(113, 19, 5, 2),
(114, 19, 6, 2),
(115, 20, 1, 1),
(116, 20, 2, 2),
(117, 20, 3, 2),
(118, 20, 4, 3),
(119, 20, 5, 2),
(120, 20, 6, 2),
(121, 21, 1, 1),
(122, 21, 2, 3),
(123, 21, 3, 2),
(124, 21, 4, 3),
(125, 21, 5, 3),
(126, 21, 6, 2),
(127, 22, 1, 1),
(128, 22, 2, 2),
(129, 22, 3, 3),
(130, 22, 4, 3),
(131, 22, 5, 2),
(132, 22, 6, 2),
(133, 23, 1, 1),
(134, 23, 2, 2),
(135, 23, 3, 2),
(136, 23, 4, 3),
(137, 23, 5, 3),
(138, 23, 6, 2),
(139, 24, 1, 1),
(140, 24, 2, 2),
(141, 24, 3, 2),
(142, 24, 4, 3),
(143, 24, 5, 3),
(144, 24, 6, 2),
(145, 25, 1, 1),
(146, 25, 2, 3),
(147, 25, 3, 2),
(148, 25, 4, 3),
(149, 25, 5, 3),
(150, 25, 6, 1),
(151, 26, 1, 1),
(152, 26, 2, 2),
(153, 26, 3, 2),
(154, 26, 4, 3),
(155, 26, 5, 2),
(156, 26, 6, 1),
(157, 27, 1, 1),
(158, 27, 2, 1),
(159, 27, 3, 2),
(160, 27, 4, 3),
(161, 27, 5, 3),
(162, 27, 6, 2),
(163, 28, 1, 1),
(164, 28, 2, 2),
(165, 28, 3, 3),
(166, 28, 4, 3),
(167, 28, 5, 2),
(168, 28, 6, 1),
(169, 29, 1, 1),
(170, 29, 2, 3),
(171, 29, 3, 1),
(172, 29, 4, 3),
(173, 29, 5, 3),
(174, 29, 6, 1),
(175, 30, 1, 1),
(176, 30, 2, 2),
(177, 30, 3, 2),
(178, 30, 4, 2),
(179, 30, 5, 2),
(180, 30, 6, 2),
(181, 31, 1, 1),
(182, 31, 2, 1),
(183, 31, 3, 3),
(184, 31, 4, 3),
(185, 31, 5, 2),
(186, 31, 6, 1),
(187, 32, 1, 1),
(188, 32, 2, 3),
(189, 32, 3, 2),
(190, 32, 4, 3),
(191, 32, 5, 3),
(192, 32, 6, 2),
(193, 33, 1, 1),
(194, 33, 2, 3),
(195, 33, 3, 2),
(196, 33, 4, 3),
(197, 33, 5, 3),
(198, 33, 6, 1),
(199, 34, 1, 1),
(200, 34, 2, 2),
(201, 34, 3, 3),
(202, 34, 4, 2),
(203, 34, 5, 2),
(204, 34, 6, 1),
(205, 35, 1, 1),
(206, 35, 2, 3),
(207, 35, 3, 3),
(208, 35, 4, 3),
(209, 35, 5, 3),
(210, 35, 6, 2),
(211, 36, 1, 1),
(212, 36, 2, 1),
(213, 36, 3, 2),
(214, 36, 4, 3),
(215, 36, 5, 2),
(216, 36, 6, 2),
(217, 37, 1, 1),
(218, 37, 2, 2),
(219, 37, 3, 2),
(220, 37, 4, 3),
(221, 37, 5, 2),
(222, 37, 6, 1),
(223, 38, 1, 1),
(224, 38, 2, 1),
(225, 38, 3, 2),
(226, 38, 4, 3),
(227, 38, 5, 3),
(228, 38, 6, 2),
(229, 39, 1, 1),
(230, 39, 2, 2),
(231, 39, 3, 3),
(232, 39, 4, 2),
(233, 39, 5, 2),
(234, 39, 6, 1),
(235, 40, 1, 1),
(236, 40, 2, 2),
(237, 40, 3, 3),
(238, 40, 4, 3),
(239, 40, 5, 2),
(240, 40, 6, 2),
(241, 41, 1, 1),
(242, 41, 2, 1),
(243, 41, 3, 2),
(244, 41, 4, 3),
(245, 41, 5, 2),
(246, 41, 6, 3),
(247, 42, 1, 1),
(248, 42, 2, 2),
(249, 42, 3, 2),
(250, 42, 4, 3),
(251, 42, 5, 2),
(252, 42, 6, 1),
(253, 43, 1, 1),
(254, 43, 2, 3),
(255, 43, 3, 3),
(256, 43, 4, 3),
(257, 43, 5, 3),
(258, 43, 6, 1),
(259, 44, 1, 1),
(260, 44, 2, 3),
(261, 44, 3, 2),
(262, 44, 4, 3),
(263, 44, 5, 3),
(264, 44, 6, 1),
(265, 45, 1, 1),
(266, 45, 2, 3),
(267, 45, 3, 2),
(268, 45, 4, 3),
(269, 45, 5, 3),
(270, 45, 6, 2),
(271, 46, 1, 1),
(272, 46, 2, 2),
(273, 46, 3, 2),
(274, 46, 4, 3),
(275, 46, 5, 2),
(276, 46, 6, 2),
(277, 47, 1, 1),
(278, 47, 2, 2),
(279, 47, 3, 3),
(280, 47, 4, 2),
(281, 47, 5, 2),
(282, 47, 6, 1),
(283, 48, 1, 1),
(284, 48, 2, 2),
(285, 48, 3, 2),
(286, 48, 4, 2),
(287, 48, 5, 2),
(288, 48, 6, 2),
(289, 49, 1, 1),
(290, 49, 2, 2),
(291, 49, 3, 3),
(292, 49, 4, 3),
(293, 49, 5, 3),
(294, 49, 6, 2),
(295, 50, 1, 1),
(296, 50, 2, 2),
(297, 50, 3, 2),
(298, 50, 4, 3),
(299, 50, 5, 2),
(300, 50, 6, 2),
(301, 51, 1, 0),
(302, 51, 2, 1),
(303, 51, 3, 2),
(304, 51, 4, 2),
(305, 51, 5, 2),
(306, 51, 6, 2),
(307, 52, 1, 0),
(308, 52, 2, 1),
(309, 52, 3, 2),
(310, 52, 4, 1),
(311, 52, 5, 2),
(312, 52, 6, 1),
(313, 53, 1, 0),
(314, 53, 2, 1),
(315, 53, 3, 1),
(316, 53, 4, 2),
(317, 53, 5, 2),
(318, 53, 6, 2),
(319, 54, 1, 0),
(320, 54, 2, 2),
(321, 54, 3, 2),
(322, 54, 4, 2),
(323, 54, 5, 2),
(324, 54, 6, 2),
(325, 55, 1, 0),
(326, 55, 2, 1),
(327, 55, 3, 1),
(328, 55, 4, 1),
(329, 55, 5, 2),
(330, 55, 6, 2),
(331, 56, 1, 0),
(332, 56, 2, 1),
(333, 56, 3, 1),
(334, 56, 4, 3),
(335, 56, 5, 2),
(336, 56, 6, 1),
(337, 57, 1, 0),
(338, 57, 2, 2),
(339, 57, 3, 1),
(340, 57, 4, 2),
(341, 57, 5, 3),
(342, 57, 6, 2),
(343, 58, 1, 0),
(344, 58, 2, 2),
(345, 58, 3, 3),
(346, 58, 4, 2),
(347, 58, 5, 2),
(348, 58, 6, 1),
(349, 59, 1, 0),
(350, 59, 2, 1),
(351, 59, 3, 2),
(352, 59, 4, 2),
(353, 59, 5, 2),
(354, 59, 6, 1),
(355, 60, 1, 0),
(356, 60, 2, 1),
(357, 60, 3, 1),
(358, 60, 4, 1),
(359, 60, 5, 1),
(360, 60, 6, 2),
(361, 61, 1, 0),
(362, 61, 2, 1),
(363, 61, 3, 2),
(364, 61, 4, 1),
(365, 61, 5, 2),
(366, 61, 6, 2),
(367, 62, 1, 0),
(368, 62, 2, 1),
(369, 62, 3, 2),
(370, 62, 4, 1),
(371, 62, 5, 2),
(372, 62, 6, 2),
(373, 63, 1, 0),
(374, 63, 2, 1),
(375, 63, 3, 2),
(376, 63, 4, 1),
(377, 63, 5, 2),
(378, 63, 6, 1),
(379, 64, 1, 0),
(380, 64, 2, 2),
(381, 64, 3, 1),
(382, 64, 4, 3),
(383, 64, 5, 2),
(384, 64, 6, 2),
(385, 65, 1, 0),
(386, 65, 2, 1),
(387, 65, 3, 3),
(388, 65, 4, 1),
(389, 65, 5, 2),
(390, 65, 6, 2),
(391, 66, 1, 0),
(392, 66, 2, 1),
(393, 66, 3, 2),
(394, 66, 4, 2),
(395, 66, 5, 1),
(396, 66, 6, 1),
(397, 67, 1, 0),
(398, 67, 2, 1),
(399, 67, 3, 2),
(400, 67, 4, 1),
(401, 67, 5, 2),
(402, 67, 6, 2),
(403, 68, 1, 0),
(404, 68, 2, 1),
(405, 68, 3, 2),
(406, 68, 4, 1),
(407, 68, 5, 2),
(408, 68, 6, 1),
(409, 69, 1, 0),
(410, 69, 2, 1),
(411, 69, 3, 1),
(412, 69, 4, 2),
(413, 69, 5, 2),
(414, 69, 6, 1),
(415, 70, 1, 0),
(416, 70, 2, 2),
(417, 70, 3, 2),
(418, 70, 4, 2),
(419, 70, 5, 2),
(420, 70, 6, 2),
(421, 71, 1, 0),
(422, 71, 2, 1),
(423, 71, 3, 2),
(424, 71, 4, 2),
(425, 71, 5, 2),
(426, 71, 6, 1),
(427, 72, 1, 0),
(428, 72, 2, 1),
(429, 72, 3, 1),
(430, 72, 4, 1),
(431, 72, 5, 1),
(432, 72, 6, 1),
(433, 73, 1, 0),
(434, 73, 2, 1),
(435, 73, 3, 1),
(436, 73, 4, 2),
(437, 73, 5, 2),
(438, 73, 6, 2),
(439, 74, 1, 0),
(440, 74, 2, 1),
(441, 74, 3, 1),
(442, 74, 4, 1),
(443, 74, 5, 1),
(444, 74, 6, 1),
(445, 75, 1, 0),
(446, 75, 2, 2),
(447, 75, 3, 2),
(448, 75, 4, 2),
(449, 75, 5, 2),
(450, 75, 6, 1),
(451, 79, 1, 0),
(452, 79, 2, 1),
(453, 79, 3, 1),
(454, 79, 4, 1),
(455, 79, 5, 1),
(456, 79, 6, 1),
(457, 271, 1, 0),
(458, 271, 2, 1),
(459, 271, 3, 1),
(460, 271, 4, 1),
(461, 271, 5, 1),
(462, 271, 6, 1),
(463, 280, 1, 0),
(464, 280, 2, 1),
(465, 280, 3, 1),
(466, 280, 4, 1),
(467, 280, 5, 1),
(468, 280, 6, 1),
(469, 112, 1, 0),
(470, 112, 2, 1),
(471, 112, 3, 1),
(472, 112, 4, 1),
(473, 112, 5, 1),
(474, 112, 6, 1);

-- --------------------------------------------------------

--
-- Table structure for table `data_test`
--

CREATE TABLE IF NOT EXISTS `data_test` (
  `id_data` int(11) NOT NULL AUTO_INCREMENT,
  `id_responden` int(11) NOT NULL,
  `id_kriteria` int(11) NOT NULL,
  `id_parameter` int(11) NOT NULL,
  PRIMARY KEY (`id_data`)
) ENGINE=InnoDB  DEFAULT CHARSET=latin1 AUTO_INCREMENT=31 ;

--
-- Dumping data for table `data_test`
--

INSERT INTO `data_test` (`id_data`, `id_responden`, `id_kriteria`, `id_parameter`) VALUES
(1, 68, 1, 0),
(2, 68, 2, 1),
(3, 68, 3, 1),
(4, 68, 4, 1),
(5, 68, 5, 1),
(6, 68, 6, 1),
(7, 91, 1, 1),
(8, 91, 2, 3),
(9, 91, 3, 3),
(10, 91, 4, 3),
(11, 91, 5, 3),
(12, 91, 6, 3),
(19, 89, 1, 0),
(20, 89, 2, 1),
(21, 89, 3, 1),
(22, 89, 4, 1),
(23, 89, 5, 1),
(24, 89, 6, 1),
(25, 84, 1, 0),
(26, 84, 2, 1),
(27, 84, 3, 1),
(28, 84, 4, 1),
(29, 84, 5, 1),
(30, 84, 6, 1);

-- --------------------------------------------------------

--
-- Table structure for table `kriteria`
--

CREATE TABLE IF NOT EXISTS `kriteria` (
  `id_kriteria` int(11) NOT NULL,
  `kriteria` varchar(50) NOT NULL
) ENGINE=InnoDB DEFAULT CHARSET=latin1;

--
-- Dumping data for table `kriteria`
--

INSERT INTO `kriteria` (`id_kriteria`, `kriteria`) VALUES
(1, 'Ketentuan\n'),
(2, 'Material Dinding Rumah'),
(3, 'Kondisi Atap Rumah'),
(4, 'Material Lantai Rumah'),
(5, 'Penghasilan Keluarga Per Bulan'),
(6, 'Anggota Keluarga Dalam KK');

-- --------------------------------------------------------

--
-- Table structure for table `parameter`
--

CREATE TABLE IF NOT EXISTS `parameter` (
  `id_parameter` int(11) NOT NULL AUTO_INCREMENT,
  `id_kriteria` int(11) NOT NULL,
  `nilai` int(11) NOT NULL,
  `parameter` varchar(50) NOT NULL,
  PRIMARY KEY (`id_parameter`)
) ENGINE=InnoDB  DEFAULT CHARSET=latin1 AUTO_INCREMENT=18 ;

--
-- Dumping data for table `parameter`
--

INSERT INTO `parameter` (`id_parameter`, `id_kriteria`, `nilai`, `parameter`) VALUES
(1, 2, 3, 'Bambu'),
(2, 3, 3, 'Rusak'),
(3, 4, 3, 'Tanah'),
(4, 5, 3, 'K 1 Juta Rupiah '),
(5, 6, 3, 'LDS 6 Orang '),
(6, 1, 1, 'Layak'),
(7, 2, 2, 'Papan kayu'),
(8, 3, 2, 'Sedang'),
(9, 4, 2, 'Lantai cor'),
(10, 5, 2, '1-2 Juta Rupiah'),
(11, 6, 2, '4-5 Orang'),
(12, 1, 0, 'Tidak layak'),
(13, 2, 1, 'Tembok'),
(14, 3, 1, 'Baik'),
(15, 4, 1, 'Keramik'),
(16, 5, 1, 'L 2 Juta Rupiah'),
(17, 6, 1, '1-3 Orang');

-- --------------------------------------------------------

--
-- Table structure for table `responden`
--

CREATE TABLE IF NOT EXISTS `responden` (
  `id_responden` int(11) NOT NULL,
  `responden` varchar(50) NOT NULL,
  `alamat` varchar(50) NOT NULL,
  PRIMARY KEY (`id_responden`)
) ENGINE=InnoDB DEFAULT CHARSET=latin1;

--
-- Dumping data for table `responden`
--

INSERT INTO `responden` (`id_responden`, `responden`, `alamat`) VALUES
(1, 'Yadi', 'Ngerjo (01/01)'),
(2, 'Ponen', 'Ngerjo (01/01)'),
(3, 'Sibo', 'Ngerjo (02/01)'),
(4, 'Katijem', 'Ngerjo (02/02)'),
(5, 'Juminah', 'Ngerjo (02/03)'),
(6, 'Soyem', 'Ngerjo (02/03)'),
(7, 'Misno', 'Ngerjo (03/03)'),
(8, 'Sarmin', 'Ngerjo (03/03)'),
(9, 'Wagiman', 'Ngerjo (02/01)'),
(10, 'Loso', 'Ngerjo (02/01)'),
(11, 'Simus', 'Krajan (01/06)'),
(12, 'Soinem', 'Krajan (01/06)'),
(13, 'Sartono', 'Krajan (01/06)'),
(14, 'No Name 14', 'No Address'),
(15, 'No Name15', 'No Address'),
(16, 'No Name16', 'No Address'),
(17, 'Simis', 'Jetis (02/04)'),
(18, 'Kadinem', 'Jetis (03/04)'),
(19, 'Sikat', 'Jetis (01/05)'),
(20, 'Tukino', 'Jetis (01/05)'),
(21, 'Jimin', 'Jetis (02/05)'),
(22, 'Tugiyem', 'Jetis (01/04)'),
(23, 'Mukrim', 'Jetis (01/04)'),
(24, 'Sikut', 'Jetis (02/04)'),
(25, 'Sireng', 'Jetis (03/05)'),
(26, 'Yati', 'Jetis (04/05)'),
(27, 'No Name27', 'No Address'),
(28, 'No Name28', 'No Address'),
(29, 'No Name29', 'No Address'),
(30, 'Muryati', 'Krajan (01/06)'),
(31, 'Boyadi', 'Krajan (02/06)'),
(32, 'Sogiman', 'Krajan (02/06)'),
(33, 'Semi', 'Krajan (04/06)'),
(34, 'Sinto', 'Krajan (01/07)'),
(35, 'Wasito', 'Krajan (01/07)'),
(36, 'Mijem', 'Krajan (02/07)'),
(37, 'No Name 37', 'No Address'),
(38, 'No Name 38', 'No Address'),
(39, 'No Name 39', 'No Address'),
(40, 'Sogiman', 'Ngrandu (01/08)'),
(41, 'Wakimin', 'Ngrandu (01/08)'),
(42, 'Kadi', 'Ngrandu (01/08)'),
(43, 'Jakiman', 'Ngrandu (02/08)'),
(44, 'Ngamin', 'Ngrandu (02/08)'),
(45, 'Tuginah', 'Ngrandu (03/08)'),
(46, 'Teguh', 'Ngrandu (03/08)'),
(47, 'Tukinem', 'Ngrandu (03/08)'),
(48, 'Situm', 'Ngrandu (01/09)'),
(49, 'Catis', 'Ngrandu (02/09)'),
(50, 'No Name 50', 'No Address'),
(51, 'Suparno', 'Ngerjo (01/01)'),
(52, 'Nabit', 'Ngerjo (01/01)'),
(53, 'Tugiran', 'Ngerjo (02/01)'),
(54, 'Purwanto', 'Ngerjo (01/02)'),
(55, 'Sumadi', 'Ngerjo (02/02)'),
(56, 'No Name56', 'No Address'),
(57, 'No Name57', 'No Address'),
(58, 'No Name58', 'No Address'),
(59, 'Samin', 'Jetis (01/04)'),
(60, 'Jumat', 'Jetis (01/04)'),
(61, 'Nur Wahid', 'Jetis (02/04)'),
(62, 'Sutikno', 'Jetis (02/04)'),
(63, 'Sutrisno', 'Jetis (03/04)'),
(64, 'No Name64', 'No Address'),
(65, 'No Name65', 'No Address'),
(66, 'Tuyadi', 'Krajan (01/06)'),
(67, 'Suyitno', 'Krajan (01/06)'),
(68, 'Tumirin', 'Krajan (02/06)'),
(69, 'Giyanto', 'Krajan (02/06)'),
(70, 'Gimin', 'Krajan (02/06)'),
(71, 'Giyono', 'Ngrandu (01/08)'),
(72, 'Sarni', 'Ngrandu (01/08)'),
(73, 'Pramono', 'Ngrandu (02/08)'),
(74, 'Kaseri', 'Ngrandu (02/08)'),
(75, 'Kimin', 'Ngrandu (03/08)');

-- --------------------------------------------------------

--
-- Table structure for table `responden_test`
--

CREATE TABLE IF NOT EXISTS `responden_test` (
  `id_responden` int(11) NOT NULL,
  `responden` varchar(50) NOT NULL,
  `alamat` varchar(50) NOT NULL
) ENGINE=InnoDB DEFAULT CHARSET=latin1;

--
-- Dumping data for table `responden_test`
--

INSERT INTO `responden_test` (`id_responden`, `responden`, `alamat`) VALUES
(68, 'coba', 'disii'),
(91, 'coba2', 'disana'),
(89, 'coba', 'slur'),
(84, 'coba', 'disii');

-- --------------------------------------------------------

--
-- Table structure for table `user`
--

CREATE TABLE IF NOT EXISTS `user` (
  `id_user` int(11) NOT NULL,
  `username` varchar(50) NOT NULL,
  `password` varchar(50) NOT NULL,
  PRIMARY KEY (`id_user`)
) ENGINE=InnoDB DEFAULT CHARSET=latin1;

--
-- Dumping data for table `user`
--

INSERT INTO `user` (`id_user`, `username`, `password`) VALUES
(1, 'admin', 'admin');

/*!40101 SET CHARACTER_SET_CLIENT=@OLD_CHARACTER_SET_CLIENT */;
/*!40101 SET CHARACTER_SET_RESULTS=@OLD_CHARACTER_SET_RESULTS */;
/*!40101 SET COLLATION_CONNECTION=@OLD_COLLATION_CONNECTION */;
